{
  "0.1.14": {
    "node_abi": null,
    "v8": "1.3"
  },
  "0.1.15": {
    "node_abi": null,
    "v8": "1.3"
  },
  "0.1.16": {
    "node_abi": null,
    "v8": "1.3"
  },
  "0.1.17": {
    "node_abi": null,
    "v8": "1.3"
  },
  "0.1.18": {
    "node_abi": null,
    "v8": "1.3"
  },
  "0.1.19": {
    "node_abi": null,
    "v8": "2.0"
  },
  "0.1.20": {
    "node_abi": null,
    "v8": "2.0"
  },
  "0.1.21": {
    "node_abi": null,
    "v8": "2.0"
  },
  "0.1.22": {
    "node_abi": null,
    "v8": "2.0"
  },
  "0.1.23": {
    "node_abi": null,
    "v8": "2.0"
  },
  "0.1.24": {
    "node_abi": null,
    "v8": "2.0"
  },
  "0.1.25": {
    "node_abi": null,
    "v8": "2.0"
  },
  "0.1.26": {
    "node_abi": null,
    "v8": "2.0"
  },
  "0.1.27": {
    "node_abi": null,
    "v8": "2.1"
  },
  "0.1.28": {
    "node_abi": null,
    "v8": "2.1"
  },
  "0.1.29": {
    "node_abi": null,
    "v8": "2.1"
  },
  "0.1.30": {
    "node_abi": null,
    "v8": "2.1"
  },
  "0.1.31": {
    "node_abi": null,
    "v8": "2.1"
  },
  "0.1.32": {
    "node_abi": null,
    "v8": "2.1"
  },
  "0.1.33": {
    "node_abi": null,
    "v8": "2.1"
  },
  "0.1.90": {
    "node_abi": null,
    "v8": "2.2"
  },
  "0.1.91": {
    "node_abi": null,
    "v8": "2.2"
  },
  "0.1.92": {
    "node_abi": null,
    "v8": "2.2"
  },
  "0.1.93": {
    "node_abi": null,
    "v8": "2.2"
  },
  "0.1.94": {
    "node_abi": null,
    "v8": "2.2"
  },
  "0.1.95": {
    "node_abi": null,
    "v8": "2.2"
  },
  "0.1.96": {
    "node_abi": null,
    "v8": "2.2"
  },
  "0.1.97": {
    "node_abi": null,
    "v8": "2.2"
  },
  "0.1.98": {
    "node_abi": null,
    "v8": "2.2"
  },
  "0.1.99": {
    "node_abi": null,
    "v8": "2.2"
  },
  "0.1.100": {
    "node_abi": null,
    "v8": "2.2"
  },
  "0.1.101": {
    "node_abi": null,
    "v8": "2.3"
  },
  "0.1.102": {
    "node_abi": null,
    "v8": "2.3"
  },
  "0.1.103": {
    "node_abi": null,
    "v8": "2.3"
  },
  "0.1.104": {
    "node_abi": null,
    "v8": "2.3"
  },
  "0.2.0": {
    "node_abi": 1,
    "v8": "2.3"
  },
  "0.2.1": {
    "node_abi": 1,
    "v8": "2.3"
  },
  "0.2.2": {
    "node_abi": 1,
    "v8": "2.3"
  },
  "0.2.3": {
    "node_abi": 1,
    "v8": "2.3"
  },
  "0.2.4": {
    "node_abi": 1,
    "v8": "2.3"
  },
  "0.2.5": {
    "node_abi": 1,
    "v8": "2.3"
  },
  "0.2.6": {
    "node_abi": 1,
    "v8": "2.3"
  },
  "0.3.0": {
    "node_abi": 1,
    "v8": "2.5"
  },
  "0.3.1": {
    "node_abi": 1,
    "v8": "2.5"
  },
  "0.3.2": {
    "node_abi": 1,
    "v8": "3.0"
  },
  "0.3.3": {
    "node_abi": 1,
    "v8": "3.0"
  },
  "0.3.4": {
    "node_abi": 1,
    "v8": "3.0"
  },
  "0.3.5": {
    "node_abi": 1,
    "v8": "3.0"
  },
  "0.3.6": {
    "node_abi": 1,
    "v8": "3.0"
  },
  "0.3.7": {
    "node_abi": 1,
    "v8": "3.0"
  },
  "0.3.8": {
    "node_abi": 1,
    "v8": "3.1"
  },
  "0.4.0": {
    "node_abi": 1,
    "v8": "3.1"
  },
  "0.4.1": {
    "node_abi": 1,
    "v8": "3.1"
  },
  "0.4.2": {
    "node_abi": 1,
    "v8": "3.1"
  },
  "0.4.3": {
    "node_abi": 1,
    "v8": "3.1"
  },
  "0.4.4": {
    "node_abi": 1,
    "v8": "3.1"
  },
  "0.4.5": {
    "node_abi": 1,
    "v8": "3.1"
  },
  "0.4.6": {
    "node_abi": 1,
    "v8": "3.1"
  },
  "0.4.7": {
    "node_abi": 1,
    "v8": "3.1"
  },
  "0.4.8": {
    "node_abi": 1,
    "v8": "3.1"
  },
  "0.4.9": {
    "node_abi": 1,
    "v8": "3.1"
  },
  "0.4.10": {
    "node_abi": 1,
    "v8": "3.1"
  },
  "0.4.11": {
    "node_abi": 1,
    "v8": "3.1"
  },
  "0.4.12": {
    "node_abi": 1,
    "v8": "3.1"
  },
  "0.5.0": {
    "node_abi": 1,
    "v8": "3.1"
  },
  "0.5.1": {
    "node_abi": 1,
    "v8": "3.4"
  },
  "0.5.2": {
    "node_abi": 1,
    "v8": "3.4"
  },
  "0.5.3": {
    "node_abi": 1,
    "v8": "3.4"
  },
  "0.5.4": {
    "node_abi": 1,
    "v8": "3.5"
  },
  "0.5.5": {
    "node_abi": 1,
    "v8": "3.5"
  },
  "0.5.6": {
    "node_abi": 1,
    "v8": "3.6"
  },
  "0.5.7": {
    "node_abi": 1,
    "v8": "3.6"
  },
  "0.5.8": {
    "node_abi": 1,
    "v8": "3.6"
  },
  "0.5.9": {
    "node_abi": 1,
    "v8": "3.6"
  },
  "0.5.10": {
    "node_abi": 1,
    "v8": "3.7"
  },
  "0.6.0": {
    "node_abi": 1,
    "v8": "3.6"
  },
  "0.6.1": {
    "node_abi": 1,
    "v8": "3.6"
  },
  "0.6.2": {
    "node_abi": 1,
    "v8": "3.6"
  },
  "0.6.3": {
    "node_abi": 1,
    "v8": "3.6"
  },
  "0.6.4": {
    "node_abi": 1,
    "v8": "3.6"
  },
  "0.6.5": {
    "node_abi": 1,
    "v8": "3.6"
  },
  "0.6.6": {
    "node_abi": 1,
    "v8": "3.6"
  },
  "0.6.7": {
    "node_abi": 1,
    "v8": "3.6"
  },
  "0.6.8": {
    "node_abi": 1,
    "v8": "3.6"
  },
  "0.6.9": {
    "node_abi": 1,
    "v8": "3.6"
  },
  "0.6.10": {
    "node_abi": 1,
    "v8": "3.6"
  },
  "0.6.11": {
    "node_abi": 1,
    "v8": "3.6"
  },
  "0.6.12": {
    "node_abi": 1,
    "v8": "3.6"
  },
  "0.6.13": {
    "node_abi": 1,
    "v8": "3.6"
  },
  "0.6.14": {
    "node_abi": 1,
    "v8": "3.6"
  },
  "0.6.15": {
    "node_abi": 1,
    "v8": "3.6"
  },
  "0.6.16": {
    "node_abi": 1,
    "v8": "3.6"
  },
  "0.6.17": {
    "node_abi": 1,
    "v8": "3.6"
  },
  "0.6.18": {
    "node_abi": 1,
    "v8": "3.6"
  },
  "0.6.19": {
    "node_abi": 1,
    "v8": "3.6"
  },
  "0.6.20": {
    "node_abi": 1,
    "v8": "3.6"
  },
  "0.6.21": {
    "node_abi": 1,
    "v8": "3.6"
  },
  "0.7.0": {
    "node_abi": 1,
    "v8": "3.8"
  },
  "0.7.1": {
    "node_abi": 1,
    "v8": "3.8"
  },
  "0.7.2": {
    "node_abi": 1,
    "v8": "3.8"
  },
  "0.7.3": {
    "node_abi": 1,
    "v8": "3.9"
  },
  "0.7.4": {
    "node_abi": 1,
    "v8": "3.9"
  },
  "0.7.5": {
    "node_abi": 1,
    "v8": "3.9"
  },
  "0.7.6": {
    "node_abi": 1,
    "v8": "3.9"
  },
  "0.7.7": {
    "node_abi": 1,
    "v8": "3.9"
  },
  "0.7.8": {
    "node_abi": 1,
    "v8": "3.9"
  },
  "0.7.9": {
    "node_abi": 1,
    "v8": "3.11"
  },
  "0.7.10": {
    "node_abi": 1,
    "v8": "3.9"
  },
  "0.7.11": {
    "node_abi": 1,
    "v8": "3.11"
  },
  "0.7.12": {
    "node_abi": 1,
    "v8": "3.11"
  },
  "0.8.0": {
    "node_abi": 1,
    "v8": "3.11"
  },
  "0.8.1": {
    "node_abi": 1,
    "v8": "3.11"
  },
  "0.8.2": {
    "node_abi": 1,
    "v8": "3.11"
  },
  "0.8.3": {
    "node_abi": 1,
    "v8": "3.11"
  },
  "0.8.4": {
    "node_abi": 1,
    "v8": "3.11"
  },
  "0.8.5": {
    "node_abi": 1,
    "v8": "3.11"
  },
  "0.8.6": {
    "node_abi": 1,
    "v8": "3.11"
  },
  "0.8.7": {
    "node_abi": 1,
    "v8": "3.11"
  },
  "0.8.8": {
    "node_abi": 1,
    "v8": "3.11"
  },
  "0.8.9": {
    "node_abi": 1,
    "v8": "3.11"
  },
  "0.8.10": {
    "node_abi": 1,
    "v8": "3.11"
  },
  "0.8.11": {
    "node_abi": 1,
    "v8": "3.11"
  },
  "0.8.12": {
    "node_abi": 1,
    "v8": "3.11"
  },
  "0.8.13": {
    "node_abi": 1,
    "v8": "3.11"
  },
  "0.8.14": {
    "node_abi": 1,
    "v8": "3.11"
  },
  "0.8.15": {
    "node_abi": 1,
    "v8": "3.11"
  },
  "0.8.16": {
    "node_abi": 1,
    "v8": "3.11"
  },
  "0.8.17": {
    "node_abi": 1,
    "v8": "3.11"
  },
  "0.8.18": {
    "node_abi": 1,
    "v8": "3.11"
  },
  "0.8.19": {
    "node_abi": 1,
    "v8": "3.11"
  },
  "0.8.20": {
    "node_abi": 1,
    "v8": "3.11"
  },
  "0.8.21": {
    "node_abi": 1,
    "v8": "3.11"
  },
  "0.8.22": {
    "node_abi": 1,
    "v8": "3.11"
  },
  "0.8.23": {
    "node_abi": 1,
    "v8": "3.11"
  },
  "0.8.24": {
    "node_abi": 1,
    "v8": "3.11"
  },
  "0.8.25": {
    "node_abi": 1,
    "v8": "3.11"
  },
  "0.8.26": {
    "node_abi": 1,
    "v8": "3.11"
  },
  "0.8.27": {
    "node_abi": 1,
    "v8": "3.11"
  },
  "0.8.28": {
    "node_abi": 1,
    "v8": "3.11"
  },
  "0.9.0": {
    "node_abi": 1,
    "v8": "3.11"
  },
  "0.9.1": {
    "node_abi": 10,
    "v8": "3.11"
  },
  "0.9.2": {
    "node_abi": 10,
    "v8": "3.11"
  },
  "0.9.3": {
    "node_abi": 10,
    "v8": "3.13"
  },
  "0.9.4": {
    "node_abi": 10,
    "v8": "3.13"
  },
  "0.9.5": {
    "node_abi": 10,
    "v8": "3.13"
  },
  "0.9.6": {
    "node_abi": 10,
    "v8": "3.15"
  },
  "0.9.7": {
    "node_abi": 10,
    "v8": "3.15"
  },
  "0.9.8": {
    "node_abi": 10,
    "v8": "3.15"
  },
  "0.9.9": {
    "node_abi": 11,
    "v8": "3.15"
  },
  "0.9.10": {
    "node_abi": 11,
    "v8": "3.15"
  },
  "0.9.11": {
    "node_abi": 11,
    "v8": "3.14"
  },
  "0.9.12": {
    "node_abi": 11,
    "v8": "3.14"
  },
  "0.10.0": {
    "node_abi": 11,
    "v8": "3.14"
  },
  "0.10.1": {
    "node_abi": 11,
    "v8": "3.14"
  },
  "0.10.2": {
    "node_abi": 11,
    "v8": "3.14"
  },
  "0.10.3": {
    "node_abi": 11,
    "v8": "3.14"
  },
  "0.10.4": {
    "node_abi": 11,
    "v8": "3.14"
  },
  "0.10.5": {
    "node_abi": 11,
    "v8": "3.14"
  },
  "0.10.6": {
    "node_abi": 11,
    "v8": "3.14"
  },
  "0.10.7": {
    "node_abi": 11,
    "v8": "3.14"
  },
  "0.10.8": {
    "node_abi": 11,
    "v8": "3.14"
  },
  "0.10.9": {
    "node_abi": 11,
    "v8": "3.14"
  },
  "0.10.10": {
    "node_abi": 11,
    "v8": "3.14"
  },
  "0.10.11": {
    "node_abi": 11,
    "v8": "3.14"
  },
  "0.10.12": {
    "node_abi": 11,
    "v8": "3.14"
  },
  "0.10.13": {
    "node_abi": 11,
    "v8": "3.14"
  },
  "0.10.14": {
    "node_abi": 11,
    "v8": "3.14"
  },
  "0.10.15": {
    "node_abi": 11,
    "v8": "3.14"
  },
  "0.10.16": {
    "node_abi": 11,
    "v8": "3.14"
  },
  "0.10.17": {
    "node_abi": 11,
    "v8": "3.14"
  },
  "0.10.18": {
    "node_abi": 11,
    "v8": "3.14"
  },
  "0.10.19": {
    "node_abi": 11,
    "v8": "3.14"
  },
  "0.10.20": {
    "node_abi": 11,
    "v8": "3.14"
  },
  "0.10.21": {
    "node_abi": 11,
    "v8": "3.14"
  },
  "0.10.22": {
    "node_abi": 11,
    "v8": "3.14"
  },
  "0.10.23": {
    "node_abi": 11,
    "v8": "3.14"
  },
  "0.10.24": {
    "node_abi": 11,
    "v8": "3.14"
  },
  "0.10.25": {
    "node_abi": 11,
    "v8": "3.14"
  },
  "0.10.26": {
    "node_abi": 11,
    "v8": "3.14"
  },
  "0.10.27": {
    "node_abi": 11,
    "v8": "3.14"
  },
  "0.10.28": {
    "node_abi": 11,
    "v8": "3.14"
  },
  "0.10.29": {
    "node_abi": 11,
    "v8": "3.14"
  },
  "0.10.30": {
    "node_abi": 11,
    "v8": "3.14"
  },
  "0.10.31": {
    "node_abi": 11,
    "v8": "3.14"
  },
  "0.10.32": {
    "node_abi": 11,
    "v8": "3.14"
  },
  "0.10.33": {
    "node_abi": 11,
    "v8": "3.14"
  },
  "0.10.34": {
    "node_abi": 11,
    "v8": "3.14"
  },
  "0.10.35": {
    "node_abi": 11,
    "v8": "3.14"
  },
  "0.10.36": {
    "node_abi": 11,
    "v8": "3.14"
  },
  "0.10.37": {
    "node_abi": 11,
    "v8": "3.14"
  },
  "0.10.38": {
    "node_abi": 11,
    "v8": "3.14"
  },
  "0.10.39": {
    "node_abi": 11,
    "v8": "3.14"
  },
  "0.10.40": {
    "node_abi": 11,
    "v8": "3.14"
  },
  "0.10.41": {
    "node_abi": 11,
    "v8": "3.14"
  },
  "0.10.42": {
    "node_abi": 11,
    "v8": "3.14"
  },
  "0.10.43": {
    "node_abi": 11,
    "v8": "3.14"
  },
  "0.10.44": {
    "node_abi": 11,
    "v8": "3.14"
  },
  "0.10.45": {
    "node_abi": 11,
    "v8": "3.14"
  },
  "0.10.46": {
    "node_abi": 11,
    "v8": "3.14"
  },
  "0.10.47": {
    "node_abi": 11,
    "v8": "3.14"
  },
  "0.10.48": {
    "node_abi": 11,
    "v8": "3.14"
  },
  "0.11.0": {
    "node_abi": 12,
    "v8": "3.17"
  },
  "0.11.1": {
    "node_abi": 12,
    "v8": "3.18"
  },
  "0.11.2": {
    "node_abi": 12,
    "v8": "3.19"
  },
  "0.11.3": {
    "node_abi": 12,
    "v8": "3.19"
  },
  "0.11.4": {
    "node_abi": 12,
    "v8": "3.20"
  },
  "0.11.5": {
    "node_abi": 12,
    "v8": "3.20"
  },
  "0.11.6": {
    "node_abi": 12,
    "v8": "3.20"
  },
  "0.11.7": {
    "node_abi": 12,
    "v8": "3.20"
  },
  "0.11.8": {
    "node_abi": 13,
    "v8": "3.21"
  },
  "0.11.9": {
    "node_abi": 13,
    "v8": "3.22"
  },
  "0.11.10": {
    "node_abi": 13,
    "v8": "3.22"
  },
  "0.11.11": {
    "node_abi": 14,
    "v8": "3.22"
  },
  "0.11.12": {
    "node_abi": 14,
    "v8": "3.22"
  },
  "0.11.13": {
    "node_abi": 14,
    "v8": "3.25"
  },
  "0.11.14": {
    "node_abi": 14,
    "v8": "3.26"
  },
  "0.11.15": {
    "node_abi": 14,
    "v8": "3.28"
  },
  "0.11.16": {
    "node_abi": 14,
    "v8": "3.28"
  },
  "0.12.0": {
    "node_abi": 14,
    "v8": "3.28"
  },
  "0.12.1": {
    "node_abi": 14,
    "v8": "3.28"
  },
  "0.12.2": {
    "node_abi": 14,
    "v8": "3.28"
  },
  "0.12.3": {
    "node_abi": 14,
    "v8": "3.28"
  },
  "0.12.4": {
    "node_abi": 14,
    "v8": "3.28"
  },
  "0.12.5": {
    "node_abi": 14,
    "v8": "3.28"
  },
  "0.12.6": {
    "node_abi": 14,
    "v8": "3.28"
  },
  "0.12.7": {
    "node_abi": 14,
    "v8": "3.28"
  },
  "0.12.8": {
    "node_abi": 14,
    "v8": "3.28"
  },
  "0.12.9": {
    "node_abi": 14,
    "v8": "3.28"
  },
  "0.12.10": {
    "node_abi": 14,
    "v8": "3.28"
  },
  "0.12.11": {
    "node_abi": 14,
    "v8": "3.28"
  },
  "0.12.12": {
    "node_abi": 14,
    "v8": "3.28"
  },
  "0.12.13": {
    "node_abi": 14,
    "v8": "3.28"
  },
  "0.12.14": {
    "node_abi": 14,
    "v8": "3.28"
  },
  "0.12.15": {
    "node_abi": 14,
    "v8": "3.28"
  },
  "0.12.16": {
    "node_abi": 14,
    "v8": "3.28"
  },
  "0.12.17": {
    "node_abi": 14,
    "v8": "3.28"
  },
  "0.12.18": {
    "node_abi": 14,
    "v8": "3.28"
  },
  "1.0.0": {
    "node_abi": 42,
    "v8": "3.31"
  },
  "1.0.1": {
    "node_abi": 42,
    "v8": "3.31"
  },
  "1.0.2": {
    "node_abi": 42,
    "v8": "3.31"
  },
  "1.0.3": {
    "node_abi": 42,
    "v8": "4.1"
  },
  "1.0.4": {
    "node_abi": 42,
    "v8": "4.1"
  },
  "1.1.0": {
    "node_abi": 43,
    "v8": "4.1"
  },
  "1.2.0": {
    "node_abi": 43,
    "v8": "4.1"
  },
  "1.3.0": {
    "node_abi": 43,
    "v8": "4.1"
  },
  "1.4.1": {
    "node_abi": 43,
    "v8": "4.1"
  },
  "1.4.2": {
    "node_abi": 43,
    "v8": "4.1"
  },
  "1.4.3": {
    "node_abi": 43,
    "v8": "4.1"
  },
  "1.5.0": {
    "node_abi": 43,
    "v8": "4.1"
  },
  "1.5.1": {
    "node_abi": 43,
    "v8": "4.1"
  },
  "1.6.0": {
    "node_abi": 43,
    "v8": "4.1"
  },
  "1.6.1": {
    "node_abi": 43,
    "v8": "4.1"
  },
  "1.6.2": {
    "node_abi": 43,
    "v8": "4.1"
  },
  "1.6.3": {
    "node_abi": 43,
    "v8": "4.1"
  },
  "1.6.4": {
    "node_abi": 43,
    "v8": "4.1"
  },
  "1.7.1": {
    "node_abi": 43,
    "v8": "4.1"
  },
  "1.8.1": {
    "node_abi": 43,
    "v8": "4.1"
  },
  "1.8.2": {
    "node_abi": 43,
    "v8": "4.1"
  },
  "1.8.3": {
    "node_abi": 43,
    "v8": "4.1"
  },
  "1.8.4": {
    "node_abi": 43,
    "v8": "4.1"
  },
  "2.0.0": {
    "node_abi": 44,
    "v8": "4.2"
  },
  "2.0.1": {
    "node_abi": 44,
    "v8": "4.2"
  },
  "2.0.2": {
    "node_abi": 44,
    "v8": "4.2"
  },
  "2.1.0": {
    "node_abi": 44,
    "v8": "4.2"
  },
  "2.2.0": {
    "node_abi": 44,
    "v8": "4.2"
  },
  "2.2.1": {
    "node_abi": 44,
    "v8": "4.2"
  },
  "2.3.0": {
    "node_abi": 44,
    "v8": "4.2"
  },
  "2.3.1": {
    "node_abi": 44,
    "v8": "4.2"
  },
  "2.3.2": {
    "node_abi": 44,
    "v8": "4.2"
  },
  "2.3.3": {
    "node_abi": 44,
    "v8": "4.2"
  },
  "2.3.4": {
    "node_abi": 44,
    "v8": "4.2"
  },
  "2.4.0": {
    "node_abi": 44,
    "v8": "4.2"
  },
  "2.5.0": {
    "node_abi": 44,
    "v8": "4.2"
  },
  "3.0.0": {
    "node_abi": 45,
    "v8": "4.4"
  },
  "3.1.0": {
    "node_abi": 45,
    "v8": "4.4"
  },
  "3.2.0": {
    "node_abi": 45,
    "v8": "4.4"
  },
  "3.3.0": {
    "node_abi": 45,
    "v8": "4.4"
  },
  "3.3.1": {
    "node_abi": 45,
    "v8": "4.4"
  },
  "4.0.0": {
    "node_abi": 46,
    "v8": "4.5"
  },
  "4.1.0": {
    "node_abi": 46,
    "v8": "4.5"
  },
  "4.1.1": {
    "node_abi": 46,
    "v8": "4.5"
  },
  "4.1.2": {
    "node_abi": 46,
    "v8": "4.5"
  },
  "4.2.0": {
    "node_abi": 46,
    "v8": "4.5"
  },
  "4.2.1": {
    "node_abi": 46,
    "v8": "4.5"
  },
  "4.2.2": {
    "node_abi": 46,
    "v8": "4.5"
  },
  "4.2.3": {
    "node_abi": 46,
    "v8": "4.5"
  },
  "4.2.4": {
    "node_abi": 46,
    "v8": "4.5"
  },
  "4.2.5": {
    "node_abi": 46,
    "v8": "4.5"
  },
  "4.2.6": {
    "node_abi": 46,
    "v8": "4.5"
  },
  "4.3.0": {
    "node_abi": 46,
    "v8": "4.5"
  },
  "4.3.1": {
    "node_abi": 46,
    "v8": "4.5"
  },
  "4.3.2": {
    "node_abi": 46,
    "v8": "4.5"
  },
  "4.4.0": {
    "node_abi": 46,
    "v8": "4.5"
  },
  "4.4.1": {
    "node_abi": 46,
    "v8": "4.5"
  },
  "4.4.2": {
    "node_abi": 46,
    "v8": "4.5"
  },
  "4.4.3": {
    "node_abi": 46,
    "v8": "4.5"
  },
  "4.4.4": {
    "node_abi": 46,
    "v8": "4.5"
  },
  "4.4.5": {
    "node_abi": 46,
    "v8": "4.5"
  },
  "4.4.6": {
    "node_abi": 46,
    "v8": "4.5"
  },
  "4.4.7": {
    "node_abi": 46,
    "v8": "4.5"
  },
  "4.5.0": {
    "node_abi": 46,
    "v8": "4.5"
  },
  "4.6.0": {
    "node_abi": 46,
    "v8": "4.5"
  },
  "4.6.1": {
    "node_abi": 46,
    "v8": "4.5"
  },
  "4.6.2": {
    "node_abi": 46,
    "v8": "4.5"
  },
  "4.7.0": {
    "node_abi": 46,
    "v8": "4.5"
  },
  "4.7.1": {
    "node_abi": 46,
    "v8": "4.5"
  },
  "4.7.2": {
    "node_abi": 46,
    "v8": "4.5"
  },
  "4.7.3": {
    "node_abi": 46,
    "v8": "4.5"
  },
  "4.8.0": {
    "node_abi": 46,
    "v8": "4.5"
  },
  "4.8.1": {
    "node_abi": 46,
    "v8": "4.5"
  },
  "4.8.2": {
    "node_abi": 46,
    "v8": "4.5"
  },
  "4.8.3": {
    "node_abi": 46,
    "v8": "4.5"
  },
  "4.8.4": {
    "node_abi": 46,
    "v8": "4.5"
  },
  "4.8.5": {
    "node_abi": 46,
    "v8": "4.5"
  },
  "4.8.6": {
    "node_abi": 46,
    "v8": "4.5"
  },
  "4.8.7": {
    "node_abi": 46,
    "v8": "4.5"
  },
  "4.9.0": {
    "node_abi": 46,
    "v8": "4.5"
  },
  "4.9.1": {
    "node_abi": 46,
    "v8": "4.5"
  },
  "5.0.0": {
    "node_abi": 47,
    "v8": "4.6"
  },
  "5.1.0": {
    "node_abi": 47,
    "v8": "4.6"
  },
  "5.1.1": {
    "node_abi": 47,
    "v8": "4.6"
  },
  "5.2.0": {
    "node_abi": 47,
    "v8": "4.6"
  },
  "5.3.0": {
    "node_abi": 47,
    "v8": "4.6"
  },
  "5.4.0": {
    "node_abi": 47,
    "v8": "4.6"
  },
  "5.4.1": {
    "node_abi": 47,
    "v8": "4.6"
  },
  "5.5.0": {
    "node_abi": 47,
    "v8": "4.6"
  },
  "5.6.0": {
    "node_abi": 47,
    "v8": "4.6"
  },
  "5.7.0": {
    "node_abi": 47,
    "v8": "4.6"
  },
  "5.7.1": {
    "node_abi": 47,
    "v8": "4.6"
  },
  "5.8.0": {
    "node_abi": 47,
    "v8": "4.6"
  },
  "5.9.0": {
    "node_abi": 47,
    "v8": "4.6"
  },
  "5.9.1": {
    "node_abi": 47,
    "v8": "4.6"
  },
  "5.10.0": {
    "node_abi": 47,
    "v8": "4.6"
  },
  "5.10.1": {
    "node_abi": 47,
    "v8": "4.6"
  },
  "5.11.0": {
    "node_abi": 47,
    "v8": "4.6"
  },
  "5.11.1": {
    "node_abi": 47,
    "v8": "4.6"
  },
  "5.12.0": {
    "node_abi": 47,
    "v8": "4.6"
  },
  "6.0.0": {
    "node_abi": 48,
    "v8": "5.0"
  },
  "6.1.0": {
    "node_abi": 48,
    "v8": "5.0"
  },
  "6.2.0": {
    "node_abi": 48,
    "v8": "5.0"
  },
  "6.2.1": {
    "node_abi": 48,
    "v8": "5.0"
  },
  "6.2.2": {
    "node_abi": 48,
    "v8": "5.0"
  },
  "6.3.0": {
    "node_abi": 48,
    "v8": "5.0"
  },
  "6.3.1": {
    "node_abi": 48,
    "v8": "5.0"
  },
  "6.4.0": {
    "node_abi": 48,
    "v8": "5.0"
  },
  "6.5.0": {
    "node_abi": 48,
    "v8": "5.1"
  },
  "6.6.0": {
    "node_abi": 48,
    "v8": "5.1"
  },
  "6.7.0": {
    "node_abi": 48,
    "v8": "5.1"
  },
  "6.8.0": {
    "node_abi": 48,
    "v8": "5.1"
  },
  "6.8.1": {
    "node_abi": 48,
    "v8": "5.1"
  },
  "6.9.0": {
    "node_abi": 48,
    "v8": "5.1"
  },
  "6.9.1": {
    "node_abi": 48,
    "v8": "5.1"
  },
  "6.9.2": {
    "node_abi": 48,
    "v8": "5.1"
  },
  "6.9.3": {
    "node_abi": 48,
    "v8": "5.1"
  },
  "6.9.4": {
    "node_abi": 48,
    "v8": "5.1"
  },
  "6.9.5": {
    "node_abi": 48,
    "v8": "5.1"
  },
  "6.10.0": {
    "node_abi": 48,
    "v8": "5.1"
  },
  "6.10.1": {
    "node_abi": 48,
    "v8": "5.1"
  },
  "6.10.2": {
    "node_abi": 48,
    "v8": "5.1"
  },
  "6.10.3": {
    "node_abi": 48,
    "v8": "5.1"
  },
  "6.11.0": {
    "node_abi": 48,
    "v8": "5.1"
  },
  "6.11.1": {
    "node_abi": 48,
    "v8": "5.1"
  },
  "6.11.2": {
    "node_abi": 48,
    "v8": "5.1"
  },
  "6.11.3": {
    "node_abi": 48,
    "v8": "5.1"
  },
  "6.11.4": {
    "node_abi": 48,
    "v8": "5.1"
  },
  "6.11.5": {
    "node_abi": 48,
    "v8": "5.1"
  },
  "6.12.0": {
    "node_abi": 48,
    "v8": "5.1"
  },
  "6.12.1": {
    "node_abi": 48,
    "v8": "5.1"
  },
  "6.12.2": {
    "node_abi": 48,
    "v8": "5.1"
  },
  "6.12.3": {
    "node_abi": 48,
    "v8": "5.1"
  },
  "6.13.0": {
    "node_abi": 48,
    "v8": "5.1"
  },
  "6.13.1": {
    "node_abi": 48,
    "v8": "5.1"
  },
  "6.14.0": {
    "node_abi": 48,
    "v8": "5.1"
  },
  "6.14.1": {
    "node_abi": 48,
    "v8": "5.1"
  },
  "6.14.2": {
    "node_abi": 48,
    "v8": "5.1"
  },
  "6.14.3": {
    "node_abi": 48,
    "v8": "5.1"
  },
  "6.14.4": {
    "node_abi": 48,
    "v8": "5.1"
  },
  "6.15.0": {
    "node_abi": 48,
    "v8": "5.1"
  },
  "6.15.1": {
    "node_abi": 48,
    "v8": "5.1"
  },
  "6.16.0": {
    "node_abi": 48,
    "v8": "5.1"
  },
  "6.17.0": {
    "node_abi": 48,
    "v8": "5.1"
  },
  "6.17.1": {
    "node_abi": 48,
    "v8": "5.1"
  },
  "7.0.0": {
    "node_abi": 51,
    "v8": "5.4"
  },
  "7.1.0": {
    "node_abi": 51,
    "v8": "5.4"
  },
  "7.2.0": {
    "node_abi": 51,
    "v8": "5.4"
  },
  "7.2.1": {
    "node_abi": 51,
    "v8": "5.4"
  },
  "7.3.0": {
    "node_abi": 51,
    "v8": "5.4"
  },
  "7.4.0": {
    "node_abi": 51,
    "v8": "5.4"
  },
  "7.5.0": {
    "node_abi": 51,
    "v8": "5.4"
  },
  "7.6.0": {
    "node_abi": 51,
    "v8": "5.5"
  },
  "7.7.0": {
    "node_abi": 51,
    "v8": "5.5"
  },
  "7.7.1": {
    "node_abi": 51,
    "v8": "5.5"
  },
  "7.7.2": {
    "node_abi": 51,
    "v8": "5.5"
  },
  "7.7.3": {
    "node_abi": 51,
    "v8": "5.5"
  },
  "7.7.4": {
    "node_abi": 51,
    "v8": "5.5"
  },
  "7.8.0": {
    "node_abi": 51,
    "v8": "5.5"
  },
  "7.9.0": {
    "node_abi": 51,
    "v8": "5.5"
  },
  "7.10.0": {
    "node_abi": 51,
    "v8": "5.5"
  },
  "7.10.1": {
    "node_abi": 51,
    "v8": "5.5"
  },
  "8.0.0": {
    "node_abi": 57,
    "v8": "5.8"
  },
  "8.1.0": {
    "node_abi": 57,
    "v8": "5.8"
  },
  "8.1.1": {
    "node_abi": 57,
    "v8": "5.8"
  },
  "8.1.2": {
    "node_abi": 57,
    "v8": "5.8"
  },
  "8.1.3": {
    "node_abi": 57,
    "v8": "5.8"
  },
  "8.1.4": {
    "node_abi": 57,
    "v8": "5.8"
  },
  "8.2.0": {
    "node_abi": 57,
    "v8": "5.8"
  },
  "8.2.1": {
    "node_abi": 57,
    "v8": "5.8"
  },
  "8.3.0": {
    "node_abi": 57,
    "v8": "6.0"
  },
  "8.4.0": {
    "node_abi": 57,
    "v8": "6.0"
  },
  "8.5.0": {
    "node_abi": 57,
    "v8": "6.0"
  },
  "8.6.0": {
    "node_abi": 57,
    "v8": "6.0"
  },
  "8.7.0": {
    "node_abi": 57,
    "v8": "6.1"
  },
  "8.8.0": {
    "node_abi": 57,
    "v8": "6.1"
  },
  "8.8.1": {
    "node_abi": 57,
    "v8": "6.1"
  },
  "8.9.0": {
    "node_abi": 57,
    "v8": "6.1"
  },
  "8.9.1": {
    "node_abi": 57,
    "v8": "6.1"
  },
  "8.9.2": {
    "node_abi": 57,
    "v8": "6.1"
  },
  "8.9.3": {
    "node_abi": 57,
    "v8": "6.1"
  },
  "8.9.4": {
    "node_abi": 57,
    "v8": "6.1"
  },
  "8.10.0": {
    "node_abi": 57,
    "v8": "6.2"
  },
  "8.11.0": {
    "node_abi": 57,
    "v8": "6.2"
  },
  "8.11.1": {
    "node_abi": 57,
    "v8": "6.2"
  },
  "8.11.2": {
    "node_abi": 57,
    "v8": "6.2"
  },
  "8.11.3": {
    "node_abi": 57,
    "v8": "6.2"
  },
  "8.11.4": {
    "node_abi": 57,
    "v8": "6.2"
  },
  "8.12.0": {
    "node_abi": 57,
    "v8": "6.2"
  },
  "8.13.0": {
    "node_abi": 57,
    "v8": "6.2"
  },
  "8.14.0": {
    "node_abi": 57,
    "v8": "6.2"
  },
  "8.14.1": {
    "node_abi": 57,
    "v8": "6.2"
  },
  "8.15.0": {
    "node_abi": 57,
    "v8": "6.2"
  },
  "8.15.1": {
    "node_abi": 57,
    "v8": "6.2"
  },
  "8.16.0": {
    "node_abi": 57,
    "v8": "6.2"
  },
  "8.16.1": {
    "node_abi": 57,
    "v8": "6.2"
  },
  "8.16.2": {
    "node_abi": 57,
    "v8": "6.2"
  },
  "8.17.0": {
    "node_abi": 57,
    "v8": "6.2"
  },
  "9.0.0": {
    "node_abi": 59,
    "v8": "6.2"
  },
  "9.1.0": {
    "node_abi": 59,
    "v8": "6.2"
  },
  "9.2.0": {
    "node_abi": 59,
    "v8": "6.2"
  },
  "9.2.1": {
    "node_abi": 59,
    "v8": "6.2"
  },
  "9.3.0": {
    "node_abi": 59,
    "v8": "6.2"
  },
  "9.4.0": {
    "node_abi": 59,
    "v8": "6.2"
  },
  "9.5.0": {
    "node_abi": 59,
    "v8": "6.2"
  },
  "9.6.0": {
    "node_abi": 59,
    "v8": "6.2"
  },
  "9.6.1": {
    "node_abi": 59,
    "v8": "6.2"
  },
  "9.7.0": {
    "node_abi": 59,
    "v8": "6.2"
  },
  "9.7.1": {
    "node_abi": 59,
    "v8": "6.2"
  },
  "9.8.0": {
    "node_abi": 59,
    "v8": "6.2"
  },
  "9.9.0": {
    "node_abi": 59,
    "v8": "6.2"
  },
  "9.10.0": {
    "node_abi": 59,
    "v8": "6.2"
  },
  "9.10.1": {
    "node_abi": 59,
    "v8": "6.2"
  },
  "9.11.0": {
    "node_abi": 59,
    "v8": "6.2"
  },
  "9.11.1": {
    "node_abi": 59,
    "v8": "6.2"
  },
  "9.11.2": {
    "node_abi": 59,
    "v8": "6.2"
  },
  "10.0.0": {
    "node_abi": 64,
    "v8": "6.6"
  },
  "10.1.0": {
    "node_abi": 64,
    "v8": "6.6"
  },
  "10.2.0": {
    "node_abi": 64,
    "v8": "6.6"
  },
  "10.2.1": {
    "node_abi": 64,
    "v8": "6.6"
  },
  "10.3.0": {
    "node_abi": 64,
    "v8": "6.6"
  },
  "10.4.0": {
    "node_abi": 64,
    "v8": "6.7"
  },
  "10.4.1": {
    "node_abi": 64,
    "v8": "6.7"
  },
  "10.5.0": {
    "node_abi": 64,
    "v8": "6.7"
  },
  "10.6.0": {
    "node_abi": 64,
    "v8": "6.7"
  },
  "10.7.0": {
    "node_abi": 64,
    "v8": "6.7"
  },
  "10.8.0": {
    "node_abi": 64,
    "v8": "6.7"
  },
  "10.9.0": {
    "node_abi": 64,
    "v8": "6.8"
  },
  "10.10.0": {
    "node_abi": 64,
    "v8": "6.8"
  },
  "10.11.0": {
    "node_abi": 64,
    "v8": "6.8"
  },
  "10.12.0": {
    "node_abi": 64,
    "v8": "6.8"
  },
  "10.13.0": {
    "node_abi": 64,
    "v8": "6.8"
  },
  "10.14.0": {
    "node_abi": 64,
    "v8": "6.8"
  },
  "10.14.1": {
    "node_abi": 64,
    "v8": "6.8"
  },
  "10.14.2": {
    "node_abi": 64,
    "v8": "6.8"
  },
  "10.15.0": {
    "node_abi": 64,
    "v8": "6.8"
  },
  "10.15.1": {
    "node_abi": 64,
    "v8": "6.8"
  },
  "10.15.2": {
    "node_abi": 64,
    "v8": "6.8"
  },
  "10.15.3": {
    "node_abi": 64,
    "v8": "6.8"
  },
  "10.16.0": {
    "node_abi": 64,
    "v8": "6.8"
  },
  "10.16.1": {
    "node_abi": 64,
    "v8": "6.8"
  },
  "10.16.2": {
    "node_abi": 64,
    "v8": "6.8"
  },
  "10.16.3": {
    "node_abi": 64,
    "v8": "6.8"
  },
  "10.17.0": {
    "node_abi": 64,
    "v8": "6.8"
  },
  "10.18.0": {
    "node_abi": 64,
    "v8": "6.8"
  },
  "10.18.1": {
    "node_abi": 64,
    "v8": "6.8"
  },
  "10.19.0": {
    "node_abi": 64,
    "v8": "6.8"
  },
  "10.20.0": {
    "node_abi": 64,
    "v8": "6.8"
  },
  "10.20.1": {
    "node_abi": 64,
    "v8": "6.8"
  },
  "10.21.0": {
    "node_abi": 64,
    "v8": "6.8"
  },
  "10.22.0": {
    "node_abi": 64,
    "v8": "6.8"
  },
  "10.22.1": {
    "node_abi": 64,
    "v8": "6.8"
  },
  "10.23.0": {
    "node_abi": 64,
    "v8": "6.8"
  },
  "10.23.1": {
    "node_abi": 64,
    "v8": "6.8"
  },
  "10.23.2": {
    "node_abi": 64,
    "v8": "6.8"
  },
  "10.23.3": {
    "node_abi": 64,
    "v8": "6.8"
  },
  "10.24.0": {
    "node_abi": 64,
    "v8": "6.8"
  },
  "10.24.1": {
    "node_abi": 64,
    "v8": "6.8"
  },
  "11.0.0": {
    "node_abi": 67,
    "v8": "7.0"
  },
  "11.1.0": {
    "node_abi": 67,
    "v8": "7.0"
  },
  "11.2.0": {
    "node_abi": 67,
    "v8": "7.0"
  },
  "11.3.0": {
    "node_abi": 67,
    "v8": "7.0"
  },
  "11.4.0": {
    "node_abi": 67,
    "v8": "7.0"
  },
  "11.5.0": {
    "node_abi": 67,
    "v8": "7.0"
  },
  "11.6.0": {
    "node_abi": 67,
    "v8": "7.0"
  },
  "11.7.0": {
    "node_abi": 67,
    "v8": "7.0"
  },
  "11.8.0": {
    "node_abi": 67,
    "v8": "7.0"
  },
  "11.9.0": {
    "node_abi": 67,
    "v8": "7.0"
  },
  "11.10.0": {
    "node_abi": 67,
    "v8": "7.0"
  },
  "11.10.1": {
    "node_abi": 67,
    "v8": "7.0"
  },
  "11.11.0": {
    "node_abi": 67,
    "v8": "7.0"
  },
  "11.12.0": {
    "node_abi": 67,
    "v8": "7.0"
  },
  "11.13.0": {
    "node_abi": 67,
    "v8": "7.0"
  },
  "11.14.0": {
    "node_abi": 67,
    "v8": "7.0"
  },
  "11.15.0": {
    "node_abi": 67,
    "v8": "7.0"
  },
  "12.0.0": {
    "node_abi": 72,
    "v8": "7.4"
  },
  "12.1.0": {
    "node_abi": 72,
    "v8": "7.4"
  },
  "12.2.0": {
    "node_abi": 72,
    "v8": "7.4"
  },
  "12.3.0": {
    "node_abi": 72,
    "v8": "7.4"
  },
  "12.3.1": {
    "node_abi": 72,
    "v8": "7.4"
  },
  "12.4.0": {
    "node_abi": 72,
    "v8": "7.4"
  },
  "12.5.0": {
    "node_abi": 72,
    "v8": "7.5"
  },
  "12.6.0": {
    "node_abi": 72,
    "v8": "7.5"
  },
  "12.7.0": {
    "node_abi": 72,
    "v8": "7.5"
  },
  "12.8.0": {
    "node_abi": 72,
    "v8": "7.5"
  },
  "12.8.1": {
    "node_abi": 72,
    "v8": "7.5"
  },
  "12.9.0": {
    "node_abi": 72,
    "v8": "7.6"
  },
  "12.9.1": {
    "node_abi": 72,
    "v8": "7.6"
  },
  "12.10.0": {
    "node_abi": 72,
    "v8": "7.6"
  },
  "12.11.0": {
    "node_abi": 72,
    "v8": "7.7"
  },
  "12.11.1": {
    "node_abi": 72,
    "v8": "7.7"
  },
  "12.12.0": {
    "node_abi": 72,
    "v8": "7.7"
  },
  "12.13.0": {
    "node_abi": 72,
    "v8": "7.7"
  },
  "12.13.1": {
    "node_abi": 72,
    "v8": "7.7"
  },
  "12.14.0": {
    "node_abi": 72,
    "v8": "7.7"
  },
  "12.14.1": {
    "node_abi": 72,
    "v8": "7.7"
  },
  "12.15.0": {
    "node_abi": 72,
    "v8": "7.7"
  },
  "12.16.0": {
    "node_abi": 72,
    "v8": "7.8"
  },
  "12.16.1": {
    "node_abi": 72,
    "v8": "7.8"
  },
  "12.16.2": {
    "node_abi": 72,
    "v8": "7.8"
  },
  "12.16.3": {
    "node_abi": 72,
    "v8": "7.8"
  },
  "12.17.0": {
    "node_abi": 72,
    "v8": "7.8"
  },
  "12.18.0": {
    "node_abi": 72,
    "v8": "7.8"
  },
  "12.18.1": {
    "node_abi": 72,
    "v8": "7.8"
  },
  "12.18.2": {
    "node_abi": 72,
    "v8": "7.8"
  },
  "12.18.3": {
    "node_abi": 72,
    "v8": "7.8"
  },
  "12.18.4": {
    "node_abi": 72,
    "v8": "7.8"
  },
  "12.19.0": {
    "node_abi": 72,
    "v8": "7.8"
  },
  "12.19.1": {
    "node_abi": 72,
    "v8": "7.8"
  },
  "12.20.0": {
    "node_abi": 72,
    "v8": "7.8"
  },
  "12.20.1": {
    "node_abi": 72,
    "v8": "7.8"
  },
  "12.20.2": {
    "node_abi": 72,
    "v8": "7.8"
  },
  "12.21.0": {
    "node_abi": 72,
    "v8": "7.8"
  },
  "12.22.0": {
    "node_abi": 72,
    "v8": "7.8"
  },
  "12.22.1": {
    "node_abi": 72,
    "v8": "7.8"
  },
  "13.0.0": {
    "node_abi": 79,
    "v8": "7.8"
  },
  "13.0.1": {
    "node_abi": 79,
    "v8": "7.8"
  },
  "13.1.0": {
    "node_abi": 79,
    "v8": "7.8"
  },
  "13.2.0": {
    "node_abi": 79,
    "v8": "7.9"
  },
  "13.3.0": {
    "node_abi": 79,
    "v8": "7.9"
  },
  "13.4.0": {
    "node_abi": 79,
    "v8": "7.9"
  },
  "13.5.0": {
    "node_abi": 79,
    "v8": "7.9"
  },
  "13.6.0": {
    "node_abi": 79,
    "v8": "7.9"
  },
  "13.7.0": {
    "node_abi": 79,
    "v8": "7.9"
  },
  "13.8.0": {
    "node_abi": 79,
    "v8": "7.9"
  },
  "13.9.0": {
    "node_abi": 79,
    "v8": "7.9"
  },
  "13.10.0": {
    "node_abi": 79,
    "v8": "7.9"
  },
  "13.10.1": {
    "node_abi": 79,
    "v8": "7.9"
  },
  "13.11.0": {
    "node_abi": 79,
    "v8": "7.9"
  },
  "13.12.0": {
    "node_abi": 79,
    "v8": "7.9"
  },
  "13.13.0": {
    "node_abi": 79,
    "v8": "7.9"
  },
  "13.14.0": {
    "node_abi": 79,
    "v8": "7.9"
  },
  "14.0.0": {
    "node_abi": 83,
    "v8": "8.1"
  },
  "14.1.0": {
    "node_abi": 83,
    "v8": "8.1"
  },
  "14.2.0": {
    "node_abi": 83,
    "v8": "8.1"
  },
  "14.3.0": {
    "node_abi": 83,
    "v8": "8.1"
  },
  "14.4.0": {
    "node_abi": 83,
    "v8": "8.1"
  },
  "14.5.0": {
    "node_abi": 83,
    "v8": "8.3"
  },
  "14.6.0": {
    "node_abi": 83,
    "v8": "8.4"
  },
  "14.7.0": {
    "node_abi": 83,
    "v8": "8.4"
  },
  "14.8.0": {
    "node_abi": 83,
    "v8": "8.4"
  },
  "14.9.0": {
    "node_abi": 83,
    "v8": "8.4"
  },
  "14.10.0": {
    "node_abi": 83,
    "v8": "8.4"
  },
  "14.10.1": {
    "node_abi": 83,
    "v8": "8.4"
  },
  "14.11.0": {
    "node_abi": 83,
    "v8": "8.4"
  },
  "14.12.0": {
    "node_abi": 83,
    "v8": "8.4"
  },
  "14.13.0": {
    "node_abi": 83,
    "v8": "8.4"
  },
  "14.13.1": {
    "node_abi": 83,
    "v8": "8.4"
  },
  "14.14.0": {
    "node_abi": 83,
    "v8": "8.4"
  },
  "14.15.0": {
    "node_abi": 83,
    "v8": "8.4"
  },
  "14.15.1": {
    "node_abi": 83,
    "v8": "8.4"
  },
  "14.15.2": {
    "node_abi": 83,
    "v8": "8.4"
  },
  "14.15.3": {
    "node_abi": 83,
    "v8": "8.4"
  },
  "14.15.4": {
    "node_abi": 83,
    "v8": "8.4"
  },
  "14.15.5": {
    "node_abi": 83,
    "v8": "8.4"
  },
  "14.16.0": {
    "node_abi": 83,
    "v8": "8.4"
  },
  "14.16.1": {
    "node_abi": 83,
    "v8": "8.4"
  },
  "14.17.0": {
    "node_abi": 83,
    "v8": "8.4"
  },
  "15.0.0": {
    "node_abi": 88,
    "v8": "8.6"
  },
  "15.0.1": {
    "node_abi": 88,
    "v8": "8.6"
  },
  "15.1.0": {
    "node_abi": 88,
    "v8": "8.6"
  },
  "15.2.0": {
    "node_abi": 88,
    "v8": "8.6"
  },
  "15.2.1": {
    "node_abi": 88,
    "v8": "8.6"
  },
  "15.3.0": {
    "node_abi": 88,
    "v8": "8.6"
  },
  "15.4.0": {
    "node_abi": 88,
    "v8": "8.6"
  },
  "15.5.0": {
    "node_abi": 88,
    "v8": "8.6"
  },
  "15.5.1": {
    "node_abi": 88,
    "v8": "8.6"
  },
  "15.6.0": {
    "node_abi": 88,
    "v8": "8.6"
  },
  "15.7.0": {
    "node_abi": 88,
    "v8": "8.6"
  },
  "15.8.0": {
    "node_abi": 88,
    "v8": "8.6"
  },
  "15.9.0": {
    "node_abi": 88,
    "v8": "8.6"
  },
  "15.10.0": {
    "node_abi": 88,
    "v8": "8.6"
  },
  "15.11.0": {
    "node_abi": 88,
    "v8": "8.6"
  },
  "15.12.0": {
    "node_abi": 88,
    "v8": "8.6"
  },
  "15.13.0": {
    "node_abi": 88,
    "v8": "8.6"
  },
  "15.14.0": {
    "node_abi": 88,
    "v8": "8.6"
  },
  "16.0.0": {
    "node_abi": 93,
    "v8": "9.0"
  },
  "16.1.0": {
    "node_abi": 93,
    "v8": "9.0"
  },
  "16.2.0": {
    "node_abi": 93,
    "v8": "9.0"
  },
  "16.3.0": {
    "node_abi": 93,
    "v8": "9.0"
  }
}